ticker,earnings_datetime_utc,eps_actual,eps_opinion
AAPL,2021-04-28T00:00:00Z,1.41,0.8000849999999999
AAPL,2021-07-27T00:00:00Z,1.31,0.7544583333333333
AAPL,2021-10-28T00:00:00Z,1.25,3.847068181818182
AAPL,2022-01-27T00:00:00Z,2.11,1.890608695652174
AAPL,2022-04-28T00:00:00Z,1.54,1.4329230769230763
AAPL,2022-07-28T00:00:00Z,1.2,1.1684399999999997
AAPL,2022-10-27T00:00:00Z,1.29,6.098999999999999
AAPL,2023-02-02T00:00:00Z,1.89,1.93925
AAPL,2023-05-04T00:00:00Z,1.53,1.474458333333333
AAPL,2023-08-03T00:00:00Z,1.27,1.2402608695652173
AAPL,2023-11-02T00:00:00Z,1.47,6.057613636363637
AAPL,2024-02-01T00:00:00Z,2.19,2.1092272727272725
AAPL,2024-05-02T00:00:00Z,1.53,1.5797272727272729
AAPL,2024-08-01T00:00:00Z,1.4,1.347869565217391
AAPL,2024-10-31T00:00:00Z,0.97,6.552047619047618
AAPL,2025-01-30T00:00:00Z,2.41,2.35604
AAPL,2025-05-01T00:00:00Z,1.65,1.6267407407407408
AAPL,2025-07-31T00:00:00Z,1.57,1.4771818181818182
AAPL,2025-10-30T00:00:00Z,1.85,7.354596491228068
AAPL,2026-01-29T00:00:00Z,2.85,2.5444210526315785
NIO,2021-04-29T00:00:00Z,-0.48,-0.805
NIO,2021-08-11T00:00:00Z,-0.07,-0.65
NIO,2021-11-09T00:00:00Z,-0.28,-0.68
NIO,2022-03-24T00:00:00Z,-0.23,-4.106064516129032
NIO,2022-06-09T00:00:00Z,-0.18,-0.9714000000000004
NIO,2022-09-07T00:00:00Z,-0.24,-1.2961666666666667
NIO,2022-11-10T00:00:00Z,-0.36,-1.1374285714285717
NIO,2023-03-01T00:00:00Z,-0.51,-5.902363636363638
NIO,2023-06-09T00:00:00Z,-0.42,-1.2286666666666666
NIO,2023-08-29T00:00:00Z,-0.49,-1.0415
NIO,2023-12-05T00:00:00Z,-0.37,-0.9073333333333332
NIO,2024-03-05T00:00:00Z,-0.48,-3.967121212121212
NIO,2024-06-06T00:00:00Z,-0.36,-2.1822857142857144
NIO,2024-09-05T00:00:00Z,-0.34,-2.210285714285714
NIO,2024-11-20T00:00:00Z,-0.36,-1.8487142857142855
NIO,2025-03-21T00:00:00Z,-0.45,-5.760599999999999
NIO,2025-06-03T00:00:00Z,-0.45,-2.236
NIO,2025-09-02T00:00:00Z,-0.32,-1.9431428571428573
NIO,2025-11-25T00:00:00Z,-0.21,-1.3266666666666664
NKE,2021-03-18T00:00:00Z,0.92,0.7944583333333335
NKE,2021-06-24T00:00:00Z,0.96,3.100891891891892
NKE,2021-09-23T00:00:00Z,1.18,1.123333333333333
NKE,2021-12-20T00:00:00Z,0.84,0.6337272727272727
NKE,2022-03-21T00:00:00Z,0.88,0.7063333333333334
NKE,2022-06-27T00:00:00Z,0.91,3.905250000000001
NKE,2022-09-29T00:00:00Z,0.94,1.1998823529411762
NKE,2022-12-20T00:00:00Z,0.85,0.6358695652173914
NKE,2023-03-21T00:00:00Z,0.8,0.548875
NKE,2023-06-29T00:00:00Z,0.67,3.2557297297297296
NKE,2023-09-28T00:00:00Z,0.95,1.0130000000000003
NKE,2023-12-21T00:00:00Z,1.04,0.9455909090909088
NKE,2024-03-21T00:00:00Z,0.77,0.9611999999999998
NKE,2024-06-27T00:00:00Z,0.99,3.950157894736843
NKE,2024-10-01T00:00:00Z,0.7,0.5340434782608695
NKE,2024-12-19T00:00:00Z,0.78,0.8221739130434783
NKE,2025-03-20T00:00:00Z,0.54,0.8360454545454544
NKE,2025-06-26T00:00:00Z,0.14,2.256825
NKE,2025-09-30T00:00:00Z,0.49,0.2719047619047619
NKE,2025-12-18T00:00:00Z,0.54,0.5258823529411766
NVDA,2021-02-24T00:00:00Z,2.35,0.2338567567567568
NVDA,2021-05-26T00:00:00Z,3.08,0.048856
NVDA,2021-08-18T00:00:00Z,0.95,0.0541399999999999
NVDA,2021-11-17T00:00:00Z,0.99,0.062392
NVDA,2022-02-16T00:00:00Z,1.2,0.4184652173913043
NVDA,2022-05-25T00:00:00Z,0.65,0.0955653846153846
NVDA,2022-08-24T00:00:00Z,0.26,0.1125413793103448
NVDA,2022-11-16T00:00:00Z,0.27,0.0931666666666666
NVDA,2023-02-22T00:00:00Z,0.57,0.3536020408163264
NVDA,2023-05-24T00:00:00Z,0.83,0.1133068965517241
NVDA,2023-08-23T00:00:00Z,2.5,0.1234499999999999
NVDA,2023-11-21T00:00:00Z,3.75,0.1372846153846154
NVDA,2024-02-21T00:00:00Z,4.98,1.15748813559322
NVDA,2024-05-22T00:00:00Z,6.04,0.5614055555555556
NVDA,2024-08-28T00:00:00Z,0.68,0.6128264705882351
NVDA,2024-11-20T00:00:00Z,0.79,0.7223944444444445
NVDA,2025-02-26T00:00:00Z,0.9,2.9977049180327873
NVDA,2025-05-28T00:00:00Z,0.77,0.8791081081081081
NVDA,2025-08-27T00:00:00Z,1.08,0.9973030303030304
NVDA,2025-11-19T00:00:00Z,1.31,1.138757575757576
ORCL,2021-03-10T00:00:00Z,1.72,1.0047
ORCL,2021-06-15T00:00:00Z,1.42,4.005942857142857
ORCL,2021-09-13T00:00:00Z,0.89,1.0312631578947369
ORCL,2021-12-09T00:00:00Z,-0.46,1.1123333333333332
ORCL,2022-03-10T00:00:00Z,0.87,1.177894736842105
ORCL,2022-06-13T00:00:00Z,1.2,4.74925
ORCL,2022-09-12T00:00:00Z,0.58,1.0668947368421051
ORCL,2022-12-12T00:00:00Z,0.65,1.1784
ORCL,2023-03-09T00:00:00Z,0.7,1.241888888888889
ORCL,2023-06-12T00:00:00Z,1.23,4.92905882352941
ORCL,2023-09-11T00:00:00Z,0.89,1.1886
ORCL,2023-12-11T00:00:00Z,0.91,1.3360526315789476
ORCL,2024-03-11T00:00:00Z,0.87,1.3654444444444445
ORCL,2024-06-11T00:00:00Z,1.14,5.5212941176470585
ORCL,2024-09-09T00:00:00Z,1.06,1.326157894736842
ORCL,2024-12-09T00:00:00Z,1.13,1.48045
ORCL,2025-03-10T00:00:00Z,1.05,1.4927199999999996
ORCL,2025-06-11T00:00:00Z,1.22,5.862095238095236
ORCL,2025-09-09T00:00:00Z,1.04,1.4795172413793098
ORCL,2025-12-10T00:00:00Z,2.14,1.6397142857142857
PFE,2021-05-04T00:00:00Z,0.87,0.7699999999999999
PFE,2021-07-28T00:00:00Z,1.04,0.9728571428571432
PFE,2021-11-02T00:00:00Z,1.45,1.1079230769230768
PFE,2022-02-08T00:00:00Z,0.64,4.076999999999999
PFE,2022-05-03T00:00:00Z,1.4,1.505285714285714
PFE,2022-07-28T00:00:00Z,1.76,1.7791428571428576
PFE,2022-11-01T00:00:00Z,1.54,1.854357142857143
PFE,2023-01-31T00:00:00Z,0.89,5.959
PFE,2023-05-02T00:00:00Z,0.98,0.9630714285714284
PFE,2023-08-01T00:00:00Z,0.41,0.5908
PFE,2023-10-31T00:00:00Z,-0.42,-0.0205333333333332
PFE,2024-01-30T00:00:00Z,-0.59,1.8444166666666673
PFE,2024-05-01T00:00:00Z,0.55,0.5380000000000001
PFE,2024-07-30T00:00:00Z,0.01,0.4476428571428571
PFE,2024-10-29T00:00:00Z,0.79,0.6168571428571429
PFE,2025-02-04T00:00:00Z,0.07,2.497458333333334
PFE,2025-04-29T00:00:00Z,0.52,0.6839999999999999
PFE,2025-08-05T00:00:00Z,0.51,0.5841666666666667
PFE,2025-11-04T00:00:00Z,0.62,0.6407142857142857
PG,2021-04-20T00:00:00Z,1.3,1.2076428571428572
PG,2021-07-30T00:00:00Z,1.16,5.241625
PG,2021-10-19T00:00:00Z,1.66,1.6148571428571423
PG,2022-01-19T00:00:00Z,1.72,1.6517058823529411
PG,2022-04-20T00:00:00Z,1.37,1.2895
PG,2022-07-29T00:00:00Z,1.24,5.826652173913044
PG,2022-10-19T00:00:00Z,1.62,1.5445
PG,2023-01-19T00:00:00Z,1.63,1.5883333333333336
PG,2023-04-21T00:00:00Z,1.41,1.3235882352941175
PG,2023-07-28T00:00:00Z,1.4,6.029782608695652
PG,2023-10-18T00:00:00Z,1.89,1.717764705882353
PG,2024-01-23T00:00:00Z,1.44,1.6962499999999998
PG,2024-04-19T00:00:00Z,1.56,1.4527647058823532
PG,2024-07-30T00:00:00Z,1.3,6.37536
PG,2024-10-18T00:00:00Z,1.65,1.9018499999999996
PG,2025-01-22T00:00:00Z,1.94,1.8617222222222225
PG,2025-04-24T00:00:00Z,1.58,1.539111111111111
PG,2025-07-29T00:00:00Z,1.51,6.784428571428572
PG,2025-10-24T00:00:00Z,2.0,1.983785714285714
PG,2026-01-22T00:00:00Z,1.82,2.0004166666666663
PTON,2021-05-06T00:00:00Z,-0.03,0.0172777777777777
PTON,2021-08-26T00:00:00Z,-1.05,0.0543666666666666
PTON,2021-11-04T00:00:00Z,-1.25,-1.055708333333333
PTON,2022-02-08T00:00:00Z,-1.39,-1.1733703703703702
PTON,2022-05-10T00:00:00Z,-2.27,-0.2677777777777778
PTON,2022-08-25T00:00:00Z,-3.72,-4.846545454545455
PTON,2022-11-03T00:00:00Z,-1.2,-0.6175999999999999
PTON,2023-02-01T00:00:00Z,-0.98,-0.6565652173913044
PTON,2023-05-04T00:00:00Z,-0.79,-0.45875
PTON,2023-08-23T00:00:00Z,-0.68,-1.67025
PTON,2023-11-02T00:00:00Z,-0.44,-0.3621111111111111
PTON,2024-02-01T00:00:00Z,-0.54,-0.4267777777777777
PTON,2024-05-02T00:00:00Z,-0.45,-0.3037777777777778
PTON,2024-08-22T00:00:00Z,-0.08,-1.07884375
PTON,2024-10-31T00:00:00Z,0.0,-0.1514999999999999
PTON,2025-02-06T00:00:00Z,-0.24,-0.2393333333333333
PTON,2025-05-08T00:00:00Z,-0.12,-0.1144166666666666
PTON,2025-08-07T00:00:00Z,0.05,-0.9124583333333336
PTON,2025-11-06T00:00:00Z,0.03,0.0052727272727272
PYPL,2021-05-05T00:00:00Z,0.94,
PYPL,2021-07-28T00:00:00Z,1.01,
PYPL,2021-11-08T00:00:00Z,0.93,
PYPL,2022-02-01T00:00:00Z,0.68,
PYPL,2022-04-27T00:00:00Z,0.44,
PYPL,2022-08-02T00:00:00Z,-0.29,
PYPL,2022-11-03T00:00:00Z,1.15,
PYPL,2023-02-09T00:00:00Z,0.81,
PYPL,2023-05-08T00:00:00Z,0.7,
PYPL,2023-08-02T00:00:00Z,0.93,
PYPL,2023-11-01T00:00:00Z,0.93,
PYPL,2024-02-07T00:00:00Z,1.3,
PYPL,2024-04-30T00:00:00Z,0.83,
PYPL,2024-07-30T00:00:00Z,1.08,
PYPL,2024-10-29T00:00:00Z,1.0,
PYPL,2025-02-04T00:00:00Z,1.12,
PYPL,2025-04-29T00:00:00Z,1.31,
PYPL,2025-07-29T00:00:00Z,1.3,
PYPL,2025-10-28T00:00:00Z,1.31,
QCOM,2021-04-28T00:00:00Z,1.55,1.2784705882352938
QCOM,2021-07-28T00:00:00Z,1.8,1.3528823529411766
QCOM,2021-11-03T00:00:00Z,2.48,6.34593103448276
QCOM,2022-02-02T00:00:00Z,3.02,3.013190476190476
QCOM,2022-04-27T00:00:00Z,2.61,2.4951904761904764
QCOM,2022-07-27T00:00:00Z,3.32,2.405761904761905
QCOM,2022-11-02T00:00:00Z,2.6,12.365
QCOM,2023-02-02T00:00:00Z,2.02,3.422090909090909
QCOM,2023-05-03T00:00:00Z,1.53,2.959277777777777
QCOM,2023-08-02T00:00:00Z,1.56,2.6071999999999997
QCOM,2023-11-01T00:00:00Z,1.46,12.566393939393944
QCOM,2024-01-31T00:00:00Z,2.52,2.235894736842105
QCOM,2024-05-01T00:00:00Z,2.03,2.2416500000000004
QCOM,2024-07-31T00:00:00Z,1.89,2.25125
QCOM,2024-11-06T00:00:00Z,2.62,9.872051282051284
QCOM,2025-02-05T00:00:00Z,2.86,2.940130434782609
QCOM,2025-04-30T00:00:00Z,2.55,2.720333333333334
QCOM,2025-07-30T00:00:00Z,2.44,2.6350952380952384
QCOM,2025-11-05T00:00:00Z,-2.89,11.022684210526316
RIG,2021-05-03T00:00:00Z,-0.16,-0.2425454545454545
RIG,2021-08-02T00:00:00Z,-0.17,-0.2399090909090909
RIG,2021-11-01T00:00:00Z,-0.2,-0.1968181818181818
RIG,2022-02-02T00:00:00Z,-0.4,-0.6838235294117647
RIG,2022-05-02T00:00:00Z,-0.26,-0.2353999999999999
RIG,2022-08-01T00:00:00Z,-0.1,-0.1488888888888888
RIG,2022-11-02T00:00:00Z,-0.04,-0.1797999999999999
RIG,2023-02-21T00:00:00Z,-0.48,-0.611
RIG,2023-05-01T00:00:00Z,-0.64,-0.2111111111111111
RIG,2023-07-31T00:00:00Z,-0.22,-0.1401
RIG,2023-10-30T00:00:00Z,-0.28,-0.2239090909090909
RIG,2024-02-19T00:00:00Z,-0.13,-1.0117058823529412
RIG,2024-04-29T00:00:00Z,0.12,-0.1529166666666666
RIG,2024-07-31T00:00:00Z,-0.15,-0.1147142857142857
RIG,2024-10-30T00:00:00Z,-0.56,0.0037142857142857
RIG,2025-02-17T00:00:00Z,0.01,-0.1507647058823529
RIG,2025-04-28T00:00:00Z,-0.09,0.0609999999999999
RIG,2025-08-04T00:00:00Z,-1.06,-0.014
RIG,2025-10-29T00:00:00Z,-2.0,0.0484545454545454
SLB,2021-04-23T00:00:00Z,0.21,-0.0074444444444444
SLB,2021-07-23T00:00:00Z,0.3,0.2114285714285714
SLB,2021-10-22T00:00:00Z,0.39,0.2500952380952381
SLB,2022-01-21T00:00:00Z,0.42,0.8855555555555557
SLB,2022-04-22T00:00:00Z,0.36,0.3301739130434782
SLB,2022-07-22T00:00:00Z,0.68,0.4084782608695653
SLB,2022-10-21T00:00:00Z,0.64,0.5089090909090909
SLB,2023-01-20T00:00:00Z,0.75,2.1365000000000003
SLB,2023-04-21T00:00:00Z,0.65,0.6201052631578947
SLB,2023-07-21T00:00:00Z,0.73,0.7104
SLB,2023-10-20T00:00:00Z,0.79,0.7656521739130434
SLB,2024-01-19T00:00:00Z,0.78,2.9188888888888886
SLB,2024-04-19T00:00:00Z,0.75,0.7457500000000001
SLB,2024-07-19T00:00:00Z,0.78,0.8257619047619048
SLB,2024-10-18T00:00:00Z,0.84,0.8798181818181819
SLB,2025-01-17T00:00:00Z,0.78,3.407323529411765
SLB,2025-04-25T00:00:00Z,0.58,0.7345714285714288
SLB,2025-07-18T00:00:00Z,0.75,0.7278947368421055
SLB,2025-10-17T00:00:00Z,0.5,0.8693636363636362
SLB,2026-01-23T00:00:00Z,0.55,3.5485624999999996
SNAP,2021-04-22T00:00:00Z,-0.19,-0.0864
SNAP,2021-07-22T00:00:00Z,-0.1,-0.0540967741935483
SNAP,2021-10-21T00:00:00Z,-0.05,0.0179411764705882
SNAP,2022-02-03T00:00:00Z,0.01,0.0933636363636363
SNAP,2022-04-21T00:00:00Z,-0.22,-0.0394666666666666
SNAP,2022-07-21T00:00:00Z,-0.26,-0.06825
SNAP,2022-10-20T00:00:00Z,-0.22,-0.0148387096774193
SNAP,2023-01-31T00:00:00Z,-0.18,-0.1351590909090909
SNAP,2023-04-27T00:00:00Z,-0.21,-0.0366428571428571
SNAP,2023-07-25T00:00:00Z,-0.24,-0.0984193548387096
SNAP,2023-10-24T00:00:00Z,-0.23,-0.001076923076923
SNAP,2024-02-06T00:00:00Z,-0.15,0.1110444444444444
SNAP,2024-04-25T00:00:00Z,-0.19,-0.0896363636363636
SNAP,2024-08-01T00:00:00Z,-0.15,-0.026076923076923
SNAP,2024-10-29T00:00:00Z,-0.09,-0.0225217391304347
SNAP,2025-02-04T00:00:00Z,0.01,-0.0789999999999999
SNAP,2025-04-29T00:00:00Z,-0.08,-0.005
SNAP,2025-08-05T00:00:00Z,-0.16,-0.0425925925925925
SNAP,2025-11-05T00:00:00Z,-0.06,0.0304074074074074
TSLA,2021-04-26T00:00:00Z,0.46,0.25309
TSLA,2021-07-26T00:00:00Z,1.18,0.3246
TSLA,2021-10-20T00:00:00Z,1.62,0.538495652173913
TSLA,2022-01-26T00:00:00Z,2.29,1.2606749999999998
TSLA,2022-04-20T00:00:00Z,3.2,0.743276
TSLA,2022-07-20T00:00:00Z,2.18,0.6372079999999999
TSLA,2022-10-19T00:00:00Z,1.05,1.0424782608695653
TSLA,2023-01-25T00:00:00Z,1.18,4.088536956521739
TSLA,2023-04-19T00:00:00Z,0.8,0.8475000000000003
TSLA,2023-07-19T00:00:00Z,0.85,0.7987083333333332
TSLA,2023-10-18T00:00:00Z,0.58,0.7131923076923076
TSLA,2024-01-24T00:00:00Z,2.49,4.767713636363637
TSLA,2024-04-23T00:00:00Z,0.45,0.512
TSLA,2024-07-23T00:00:00Z,0.44,0.6180416666666666
TSLA,2024-10-23T00:00:00Z,0.68,0.6802083333333333
TSLA,2025-01-29T00:00:00Z,0.66,2.424301886792452
TSLA,2025-04-22T00:00:00Z,0.13,0.3890357142857143
TSLA,2025-07-23T00:00:00Z,0.36,0.5688148148148148
TSLA,2025-10-22T00:00:00Z,0.43,0.6352307692307693
TSLA,2026-01-28T00:00:00Z,0.26,3.3005384615384625
T,2021-04-22T00:00:00Z,0.99,0.7702777777777778
T,2021-07-22T00:00:00Z,0.77,0.7832777777777777
T,2021-10-21T00:00:00Z,0.64,0.7884375000000001
T,2022-01-26T00:00:00Z,0.67,3.1782499999999994
T,2022-04-21T00:00:00Z,0.66,0.7732777777777778
T,2022-07-21T00:00:00Z,0.6,0.6156499999999998
T,2022-10-20T00:00:00Z,0.82,0.7368823529411765
T,2023-01-25T00:00:00Z,-3.2,3.088562500000001
T,2023-04-20T00:00:00Z,0.58,0.5968823529411764
T,2023-07-26T00:00:00Z,0.61,0.614625
T,2023-10-19T00:00:00Z,0.48,0.641875
T,2024-01-24T00:00:00Z,0.3,2.5715000000000003
T,2024-04-24T00:00:00Z,0.47,0.5377333333333334
T,2024-07-24T00:00:00Z,0.49,0.5769285714285716
T,2024-10-23T00:00:00Z,-0.03,0.5864999999999999
T,2025-01-27T00:00:00Z,0.56,2.450884615384616
T,2025-04-23T00:00:00Z,0.61,0.4999285714285714
T,2025-07-23T00:00:00Z,0.62,0.5385
T,2025-10-22T00:00:00Z,1.29,0.533
T,2026-01-28T00:00:00Z,0.53,2.1801111111111107
UNH,2021-04-15T00:00:00Z,5.14,4.3765882352941174
UNH,2021-07-15T00:00:00Z,4.52,4.306411764705882
UNH,2021-10-14T00:00:00Z,4.33,4.759764705882354
UNH,2022-01-19T00:00:00Z,4.33,18.215959999999995
UNH,2022-04-14T00:00:00Z,5.34,5.69505
UNH,2022-07-15T00:00:00Z,5.41,5.322684210526315
UNH,2022-10-14T00:00:00Z,5.63,5.422
UNH,2023-01-13T00:00:00Z,5.1,21.632468749999997
UNH,2023-04-14T00:00:00Z,6.01,6.117368421052633
UNH,2023-07-14T00:00:00Z,5.89,5.993380952380953
UNH,2023-10-13T00:00:00Z,6.31,6.497863636363636
UNH,2024-01-12T00:00:00Z,5.92,24.952225806451608
UNH,2024-04-16T00:00:00Z,-1.53,6.636399999999999
UNH,2024-07-16T00:00:00Z,4.58,6.864045454545456
UNH,2024-10-15T00:00:00Z,6.56,7.407333333333333
UNH,2025-01-16T00:00:00Z,6.03,27.27663636363636
UNH,2025-04-17T00:00:00Z,6.9,7.286473684210524
UNH,2025-07-29T00:00:00Z,3.76,4.66805
UNH,2025-10-28T00:00:00Z,2.59,4.791749999999999
UNH,2026-01-27T00:00:00Z,0.01,16.763344827586206
V,2021-04-27T00:00:00Z,1.38,
V,2021-07-27T00:00:00Z,1.18,
V,2021-10-26T00:00:00Z,1.65,
V,2022-01-27T00:00:00Z,1.84,
V,2022-04-26T00:00:00Z,1.7,
V,2022-07-26T00:00:00Z,1.6,
V,2022-10-25T00:00:00Z,1.86,
V,2023-01-26T00:00:00Z,1.99,
V,2023-04-25T00:00:00Z,2.04,
V,2023-07-25T00:00:00Z,2.0,
V,2023-10-24T00:00:00Z,2.27,
V,2024-01-25T00:00:00Z,2.39,
V,2024-04-23T00:00:00Z,2.29,
V,2024-07-23T00:00:00Z,2.4,
V,2024-10-29T00:00:00Z,2.66,
V,2025-01-30T00:00:00Z,2.58,
V,2025-04-29T00:00:00Z,2.32,
V,2025-07-29T00:00:00Z,2.69,
V,2025-10-28T00:00:00Z,2.62,
V,2026-01-29T00:00:00Z,3.03,
VZ,2021-04-21T00:00:00Z,1.27,1.2885789473684208
VZ,2021-07-21T00:00:00Z,1.4,1.287294117647059
VZ,2021-10-20T00:00:00Z,1.55,1.359
VZ,2022-01-25T00:00:00Z,1.11,5.314300000000001
VZ,2022-04-22T00:00:00Z,1.09,1.3470588235294116
VZ,2022-07-22T00:00:00Z,1.24,1.3229444444444445
VZ,2022-10-21T00:00:00Z,1.17,1.38
VZ,2023-01-24T00:00:00Z,1.56,5.335965517241379
VZ,2023-04-25T00:00:00Z,1.17,1.1959999999999995
VZ,2023-07-25T00:00:00Z,1.1,1.1644375
VZ,2023-10-24T00:00:00Z,1.13,1.1737058823529412
VZ,2024-01-23T00:00:00Z,-0.64,5.096037037037037
VZ,2024-04-22T00:00:00Z,1.09,1.1229375
VZ,2024-07-22T00:00:00Z,1.09,1.1513529411764707
VZ,2024-10-22T00:00:00Z,0.78,1.1899375
VZ,2025-01-24T00:00:00Z,1.19,4.622115384615385
VZ,2025-04-22T00:00:00Z,1.16,1.1462
VZ,2025-07-21T00:00:00Z,1.18,1.1883333333333332
VZ,2025-10-29T00:00:00Z,1.17,1.1886666666666663
VZ,2026-01-30T00:00:00Z,0.55,4.685892857142856
WFC,2021-04-14T00:00:00Z,1.03,0.7284
WFC,2021-07-14T00:00:00Z,1.39,0.7507
WFC,2021-10-14T00:00:00Z,1.18,0.7877
WFC,2022-01-14T00:00:00Z,1.39,2.2647777777777782
WFC,2022-04-14T00:00:00Z,0.92,0.8060000000000002
WFC,2022-07-15T00:00:00Z,0.75,0.8011052631578948
WFC,2022-10-14T00:00:00Z,0.87,1.083368421052631
WFC,2023-01-13T00:00:00Z,0.76,3.4486250000000003
WFC,2023-04-14T00:00:00Z,1.24,1.1323157894736844
WFC,2023-07-14T00:00:00Z,1.26,1.1507142857142858
WFC,2023-10-13T00:00:00Z,1.49,1.170095238095238
WFC,2024-01-12T00:00:00Z,0.87,5.0140714285714285
WFC,2024-04-12T00:00:00Z,1.21,1.10355
WFC,2024-07-12T00:00:00Z,1.35,1.195894736842105
WFC,2024-10-11T00:00:00Z,1.43,1.2250526315789472
WFC,2025-01-15T00:00:00Z,1.45,5.217038461538461
WFC,2025-04-11T00:00:00Z,1.41,1.2459333333333331
WFC,2025-07-15T00:00:00Z,1.61,1.4074999999999998
WFC,2025-10-14T00:00:00Z,1.68,1.5224375
WFC,2026-01-14T00:00:00Z,1.64,5.536615384615383
WMT,2021-02-18T00:00:00Z,-0.74,1.8870578947368424
WMT,2021-05-18T00:00:00Z,0.97,0.4031519999999999
WMT,2021-08-17T00:00:00Z,1.53,0.5201428571428571
WMT,2021-11-16T00:00:00Z,1.11,0.4402962962962962
WMT,2022-02-17T00:00:00Z,1.29,1.8951500000000008
WMT,2022-05-17T00:00:00Z,0.75,0.4938719999999999
WMT,2022-08-16T00:00:00Z,1.88,0.5413481481481481
WMT,2022-11-15T00:00:00Z,-0.66,0.4395
WMT,2023-02-21T00:00:00Z,2.33,2.0088046511627913
WMT,2023-05-18T00:00:00Z,0.62,0.4404827586206896
WMT,2023-08-17T00:00:00Z,2.93,0.570648275862069
WMT,2023-11-16T00:00:00Z,0.17,0.4953931034482758
WMT,2024-02-20T00:00:00Z,2.04,2.181446666666667
WMT,2024-05-16T00:00:00Z,0.63,0.5226833333333333
WMT,2024-08-15T00:00:00Z,0.56,0.6358038461538462
WMT,2024-11-19T00:00:00Z,0.57,0.5333599999999998
WMT,2025-02-20T00:00:00Z,0.65,2.350058536585366
WMT,2025-05-15T00:00:00Z,0.56,0.5786666666666668
WMT,2025-08-21T00:00:00Z,0.88,0.7006896551724137
WMT,2025-11-20T00:00:00Z,0.77,0.6044827586206897
XOM,2021-04-30T00:00:00Z,0.64,0.5798125000000001
XOM,2021-07-30T00:00:00Z,1.1,0.8096666666666665
XOM,2021-10-29T00:00:00Z,1.57,0.9475333333333332
XOM,2022-02-01T00:00:00Z,2.08,4.917454545454545
XOM,2022-04-29T00:00:00Z,1.28,2.1794
XOM,2022-07-29T00:00:00Z,4.21,2.476125
XOM,2022-10-28T00:00:00Z,4.68,2.3588125
XOM,2023-01-31T00:00:00Z,3.09,13.46228125
XOM,2023-04-28T00:00:00Z,2.79,2.6602941176470587
XOM,2023-07-28T00:00:00Z,1.94,2.019705882352941
XOM,2023-10-27T00:00:00Z,2.25,2.3643125
XOM,2024-02-02T00:00:00Z,1.91,10.46115625
XOM,2024-04-26T00:00:00Z,2.06,2.0980625
XOM,2024-08-02T00:00:00Z,2.14,2.1944375000000003
XOM,2024-11-01T00:00:00Z,1.92,1.9067058823529408
XOM,2025-01-31T00:00:00Z,1.72,7.878615384615386
XOM,2025-05-02T00:00:00Z,1.76,1.790529411764706
XOM,2025-08-01T00:00:00Z,1.64,1.9060588235294116
XOM,2025-10-31T00:00:00Z,1.76,2.031470588235294
XOM,2026-01-30T00:00:00Z,1.53,7.946884615384613
ZM,2021-03-01T00:00:00Z,0.91,2.6398750000000004
ZM,2021-06-01T00:00:00Z,0.77,0.3807083333333332
ZM,2021-08-30T00:00:00Z,1.07,0.9560000000000002
ZM,2021-11-22T00:00:00Z,1.14,0.9044444444444444
ZM,2022-02-28T00:00:00Z,1.64,2.96115625
ZM,2022-05-23T00:00:00Z,0.38,1.0435652173913044
ZM,2022-08-22T00:00:00Z,0.15,1.0755217391304348
ZM,2022-11-21T00:00:00Z,0.16,0.83828
ZM,2023-02-27T00:00:00Z,-0.36,3.729567567567568
ZM,2023-05-22T00:00:00Z,0.05,0.8565217391304351
ZM,2023-08-21T00:00:00Z,0.61,0.9016666666666666
ZM,2023-11-20T00:00:00Z,0.47,0.9131363636363636
ZM,2024-02-26T00:00:00Z,0.98,3.5069210526315793
ZM,2024-05-20T00:00:00Z,0.7,1.1904347826086958
ZM,2024-08-21T00:00:00Z,0.71,1.2264166666666665
ZM,2024-11-25T00:00:00Z,0.67,1.3089259259259256
ZM,2025-02-24T00:00:00Z,1.2,5.272085714285713
ZM,2025-05-21T00:00:00Z,0.84,1.3092272727272731
ZM,2025-08-21T00:00:00Z,1.19,1.3185652173913045
ZM,2025-11-24T00:00:00Z,2.05,1.433681818181818
GE,2021-04-27T00:00:00Z,0.0,0.1034285714285714
GE,2021-07-27T00:00:00Z,-0.07,0.2085714285714286
GE,2021-10-26T00:00:00Z,0.54,0.4383076923076923
GE,2022-01-25T00:00:00Z,-3.24,2.8655999999999997
GE,2022-04-26T00:00:00Z,-1.16,0.1890625
GE,2022-07-26T00:00:00Z,-1.12,0.657375
GE,2022-10-25T00:00:00Z,-0.29,0.9581875
GE,2023-01-24T00:00:00Z,1.55,2.229238095238095
GE,2023-04-25T00:00:00Z,6.02,0.1417647058823529
GE,2023-07-25T00:00:00Z,1.1,0.4230555555555556
GE,2023-10-24T00:00:00Z,0.2,0.4572222222222221
GE,2024-01-23T00:00:00Z,1.09,3.1622857142857144
GE,2024-04-23T00:00:00Z,1.59,0.7023333333333333
GE,2024-07-23T00:00:00Z,1.21,0.9860666666666666
GE,2024-10-22T00:00:00Z,1.57,1.1975333333333331
GE,2025-01-23T00:00:00Z,1.77,4.414
GE,2025-04-22T00:00:00Z,1.84,1.284357142857143
GE,2025-07-17T00:00:00Z,1.89,1.3343571428571426
GE,2025-10-21T00:00:00Z,2.06,1.4003571428571429
GE,2026-01-22T00:00:00Z,2.33,5.375086956521739
GILD,2021-04-29T00:00:00Z,1.38,2.0538499999999997
GILD,2021-07-29T00:00:00Z,1.21,1.7798947368421052
GILD,2021-10-28T00:00:00Z,2.06,1.7110000000000003
GILD,2022-02-01T00:00:00Z,0.3,6.736967741935484
GILD,2022-04-28T00:00:00Z,0.02,1.7964736842105264
GILD,2022-08-02T00:00:00Z,0.91,1.514952380952381
GILD,2022-10-27T00:00:00Z,1.43,1.4155
GILD,2023-02-02T00:00:00Z,1.31,6.5552
GILD,2023-04-27T00:00:00Z,0.81,1.5423809523809524
GILD,2023-08-03T00:00:00Z,0.84,1.632
GILD,2023-11-07T00:00:00Z,1.75,1.912578947368421
GILD,2024-02-06T00:00:00Z,1.15,6.533966666666667
GILD,2024-04-25T00:00:00Z,-3.34,-0.62645
GILD,2024-08-08T00:00:00Z,1.29,1.5896842105263158
GILD,2024-11-06T00:00:00Z,1.0,1.54995
GILD,2025-02-11T00:00:00Z,1.43,4.267171428571427
GILD,2025-04-24T00:00:00Z,1.06,1.7766666666666668
GILD,2025-08-07T00:00:00Z,1.57,1.9505882352941175
GILD,2025-10-30T00:00:00Z,2.46,2.1173333333333333
GM,2021-05-05T00:00:00Z,2.06,1.0685384615384614
GM,2021-08-04T00:00:00Z,1.92,2.0210625
GM,2021-10-27T00:00:00Z,1.64,0.9768823529411764
GM,2022-02-01T00:00:00Z,1.17,6.787863636363636
GM,2022-04-26T00:00:00Z,1.36,1.6578750000000002
GM,2022-07-26T00:00:00Z,1.14,1.6354285714285717
GM,2022-10-25T00:00:00Z,2.26,1.7180000000000002
GM,2023-01-31T00:00:00Z,1.4,6.991636363636363
GM,2023-04-25T00:00:00Z,1.7,1.713421052631579
GM,2023-07-25T00:00:00Z,1.83,1.843705882352941
GM,2023-10-24T00:00:00Z,2.21,1.5500624999999997
GM,2024-01-30T00:00:00Z,1.59,7.43596
GM,2024-04-23T00:00:00Z,2.57,2.1293333333333333
GM,2024-07-23T00:00:00Z,2.57,2.7462499999999994
GM,2024-10-22T00:00:00Z,2.71,2.4092727272727275
GM,2025-01-28T00:00:00Z,-1.64,10.245266666666668
GM,2025-04-29T00:00:00Z,3.4,2.6827647058823527
GM,2025-07-22T00:00:00Z,1.94,2.539631578947368
GM,2025-10-21T00:00:00Z,1.37,2.2328235294117644
GM,2026-01-27T00:00:00Z,-3.6,10.409466666666669
GOOGL,2021-04-27T00:00:00Z,26.63,0.8074371428571429
GOOGL,2021-07-27T00:00:00Z,27.69,0.8123781250000001
GOOGL,2021-10-26T00:00:00Z,28.44,0.9002375000000001
GOOGL,2022-02-01T00:00:00Z,31.15,3.089712244897959
GOOGL,2022-04-26T00:00:00Z,24.9,1.2928399999999998
GOOGL,2022-07-26T00:00:00Z,24.4,1.2717142857142856
GOOGL,2022-10-25T00:00:00Z,1.07,1.3747285714285713
GOOGL,2023-02-02T00:00:00Z,1.06,4.856807692307692
GOOGL,2023-04-25T00:00:00Z,1.18,1.0856315789473685
GOOGL,2023-07-25T00:00:00Z,1.45,1.3427142857142855
GOOGL,2023-10-24T00:00:00Z,1.56,1.296457142857143
GOOGL,2024-01-30T00:00:00Z,1.66,5.362317307692309
GOOGL,2024-04-25T00:00:00Z,1.91,1.509722222222222
GOOGL,2024-07-23T00:00:00Z,1.91,1.8433333333333328
GOOGL,2024-10-29T00:00:00Z,2.14,1.847942857142857
GOOGL,2025-02-04T00:00:00Z,2.17,7.887538461538461
GOOGL,2025-04-24T00:00:00Z,2.84,2.0139189189189195
GOOGL,2025-07-23T00:00:00Z,2.33,2.1827179487179484
GOOGL,2025-10-29T00:00:00Z,2.89,2.2812249999999996
GS,2021-04-14T00:00:00Z,18.8,10.082235294117648
GS,2021-07-13T00:00:00Z,15.22,10.280761904761906
GS,2021-10-15T00:00:00Z,15.14,10.1819
GS,2022-01-18T00:00:00Z,10.96,26.06528
GS,2022-04-14T00:00:00Z,10.87,8.82857894736842
GS,2022-07-18T00:00:00Z,7.81,6.60590476190476
GS,2022-10-18T00:00:00Z,8.35,9.747666666666666
GS,2023-01-17T00:00:00Z,3.35,33.1525925925926
GS,2023-04-18T00:00:00Z,8.87,8.103
GS,2023-07-19T00:00:00Z,3.09,7.797882352941178
GS,2023-10-17T00:00:00Z,5.52,8.31894117647059
GS,2024-01-16T00:00:00Z,5.52,22.434583333333336
GS,2024-04-15T00:00:00Z,11.67,8.569533333333334
GS,2024-07-15T00:00:00Z,8.73,8.4025
GS,2024-10-15T00:00:00Z,8.52,6.948266666666666
GS,2025-01-15T00:00:00Z,12.13,34.442416666666674
GS,2025-04-14T00:00:00Z,14.25,12.395285714285713
GS,2025-07-16T00:00:00Z,11.03,10.479
GS,2025-10-14T00:00:00Z,12.42,10.647785714285716
GS,2026-01-15T00:00:00Z,14.21,48.108633333333344
HAL,2021-04-21T00:00:00Z,0.19,-0.0851538461538461
HAL,2021-07-20T00:00:00Z,0.26,-0.0553076923076923
HAL,2021-10-19T00:00:00Z,0.26,-0.0203076923076923
HAL,2022-01-24T00:00:00Z,0.92,0.6896363636363636
HAL,2022-04-19T00:00:00Z,0.29,0.3462
HAL,2022-07-19T00:00:00Z,0.12,0.416590909090909
HAL,2022-10-25T00:00:00Z,0.6,0.4744761904761906
HAL,2023-01-24T00:00:00Z,0.72,1.6129736842105264
HAL,2023-04-25T00:00:00Z,0.72,0.6698260869565217
HAL,2023-07-19T00:00:00Z,0.68,0.7473913043478262
HAL,2023-10-24T00:00:00Z,0.8,0.77736
HAL,2024-01-23T00:00:00Z,0.74,3.068633333333333
HAL,2024-04-23T00:00:00Z,0.68,0.7565
HAL,2024-07-19T00:00:00Z,0.8,0.831157894736842
HAL,2024-11-07T00:00:00Z,0.65,0.8716190476190475
HAL,2025-01-22T00:00:00Z,0.7,3.4592666666666663
HAL,2025-04-22T00:00:00Z,0.24,0.6095454545454544
HAL,2025-07-22T00:00:00Z,0.55,0.6368636363636363
HAL,2025-10-21T00:00:00Z,0.02,0.5826315789473684
HAL,2026-01-21T00:00:00Z,0.7,3.195064516129032
HD,2021-02-23T00:00:00Z,2.66,11.728729729729729
HD,2021-05-18T00:00:00Z,3.87,3.082347826086957
HD,2021-08-17T00:00:00Z,4.54,4.43312
HD,2021-11-16T00:00:00Z,3.94,3.3995416666666665
HD,2022-02-22T00:00:00Z,3.23,12.39138888888889
HD,2022-05-17T00:00:00Z,4.11,3.669000000000001
HD,2022-08-16T00:00:00Z,5.06,4.944999999999999
HD,2022-11-15T00:00:00Z,4.25,4.121409090909092
HD,2023-02-21T00:00:00Z,3.31,15.983594594594598
HD,2023-05-16T00:00:00Z,3.83,3.805639999999999
HD,2023-08-15T00:00:00Z,4.66,4.44
HD,2023-11-14T00:00:00Z,3.83,3.785916666666667
HD,2024-02-20T00:00:00Z,2.83,15.110499999999998
HD,2024-05-14T00:00:00Z,3.64,3.6188846153846153
HD,2024-08-13T00:00:00Z,4.61,4.643148148148149
HD,2024-11-12T00:00:00Z,3.68,3.857346153846154
HD,2025-02-25T00:00:00Z,3.02,15.004055555555556
HD,2025-05-20T00:00:00Z,3.46,3.611428571428572
HD,2025-08-19T00:00:00Z,4.59,4.698040000000001
HD,2025-11-18T00:00:00Z,3.63,3.858444444444445
HPE,2021-03-02T00:00:00Z,0.17,0.3475
HPE,2021-06-01T00:00:00Z,0.2,0.3530625
HPE,2021-09-02T00:00:00Z,0.3,0.399375
HPE,2021-11-30T00:00:00Z,1.95,1.5682173913043476
HPE,2022-03-01T00:00:00Z,0.39,0.492
HPE,2022-06-01T00:00:00Z,0.19,0.458
HPE,2022-08-30T00:00:00Z,0.31,0.5067777777777777
HPE,2022-11-29T00:00:00Z,-0.23,1.9611851851851851
HPE,2023-03-02T00:00:00Z,0.39,0.4943333333333334
HPE,2023-05-30T00:00:00Z,0.32,0.4630666666666666
HPE,2023-08-29T00:00:00Z,0.36,0.5009285714285715
HPE,2023-11-28T00:00:00Z,0.5,2.0334999999999996
HPE,2024-02-29T00:00:00Z,0.3,0.4726153846153846
HPE,2024-06-04T00:00:00Z,0.24,0.4613076923076923
HPE,2024-09-04T00:00:00Z,0.39,0.491076923076923
HPE,2024-12-05T00:00:00Z,1.02,2.0227619047619045
HPE,2025-03-06T00:00:00Z,0.45,0.4844
HPE,2025-06-03T00:00:00Z,-0.82,0.4932307692307692
HPE,2025-09-03T00:00:00Z,0.21,0.4282000000000001
HPE,2025-12-04T00:00:00Z,0.11,1.8183199999999993
IBM,2021-04-19T00:00:00Z,0.45,1.6511999999999998
IBM,2021-07-19T00:00:00Z,0.91,2.4233
IBM,2021-10-20T00:00:00Z,1.16,2.7245
IBM,2022-01-24T00:00:00Z,2.74,12.0337
IBM,2022-04-19T00:00:00Z,0.74,1.594363636363636
IBM,2022-07-18T00:00:00Z,1.62,2.2781818181818183
IBM,2022-10-19T00:00:00Z,-3.55,1.8611666666666664
IBM,2023-01-25T00:00:00Z,3.17,8.7281
IBM,2023-04-19T00:00:00Z,1.03,1.2615454545454543
IBM,2023-07-19T00:00:00Z,1.74,2.011333333333333
IBM,2023-10-25T00:00:00Z,1.88,2.2052
IBM,2024-01-24T00:00:00Z,3.59,9.476041666666667
IBM,2024-04-24T00:00:00Z,1.72,1.5938181818181818
IBM,2024-07-24T00:00:00Z,1.99,2.195272727272727
IBM,2024-10-23T00:00:00Z,-0.34,2.2473636363636365
IBM,2025-01-29T00:00:00Z,3.16,10.092
IBM,2025-04-23T00:00:00Z,1.14,1.4074166666666663
IBM,2025-07-23T00:00:00Z,2.36,2.62275
IBM,2025-10-22T00:00:00Z,1.87,2.488363636363637
IBM,2026-01-28T00:00:00Z,5.96,11.121153846153844
JD,2021-05-19T00:00:00Z,0.36,2.234628571428572
JD,2021-08-23T00:00:00Z,0.08,2.3007999999999997
JD,2021-11-18T00:00:00Z,-0.28,2.041133333333333
JD,2022-03-10T00:00:00Z,-0.52,9.69662448979592
JD,2022-05-17T00:00:00Z,-0.3,1.5525750000000005
JD,2022-08-23T00:00:00Z,0.43,2.65358
JD,2022-11-18T00:00:00Z,0.54,4.350933333333334
JD,2023-03-09T00:00:00Z,0.3,13.319338775510207
JD,2023-05-11T00:00:00Z,0.58,3.5744470588235293
JD,2023-08-16T00:00:00Z,0.55,4.52154
JD,2023-11-15T00:00:00Z,0.68,5.6299624999999995
JD,2024-03-06T00:00:00Z,0.35,19.03376
JD,2024-05-16T00:00:00Z,0.63,4.625621428571429
JD,2024-08-15T00:00:00Z,1.15,6.066705882352942
JD,2024-11-14T00:00:00Z,1.21,7.399939999999999
JD,2025-03-06T00:00:00Z,0.81,21.70771860465117
JD,2025-05-13T00:00:00Z,1.03,7.077274999999999
JD,2025-08-14T00:00:00Z,0.63,4.519562500000001
JD,2025-11-13T00:00:00Z,0.53,4.401400000000001
JNJ,2021-04-20T00:00:00Z,2.35,2.3368333333333333
JNJ,2021-07-21T00:00:00Z,2.38,2.3324166666666666
JNJ,2021-10-19T00:00:00Z,1.39,2.3941666666666666
JNJ,2022-01-25T00:00:00Z,1.8,8.875888888888888
JNJ,2022-04-19T00:00:00Z,1.96,2.570076923076923
JNJ,2022-07-19T00:00:00Z,1.4,2.649769230769231
JNJ,2022-10-18T00:00:00Z,1.64,2.621923076923077
JNJ,2023-01-24T00:00:00Z,1.24,9.864636363636365
JNJ,2023-04-18T00:00:00Z,-0.19,2.5054
JNJ,2023-07-20T00:00:00Z,2.07,2.6040666666666668
JNJ,2023-10-17T00:00:00Z,1.71,2.544625
JNJ,2024-01-23T00:00:00Z,1.71,9.81748
JNJ,2024-04-16T00:00:00Z,1.35,2.6305833333333335
JNJ,2024-07-17T00:00:00Z,1.95,2.703307692307692
JNJ,2024-10-15T00:00:00Z,1.12,2.497
JNJ,2025-01-22T00:00:00Z,1.42,10.626346153846155
JNJ,2025-04-15T00:00:00Z,4.57,2.604230769230769
JNJ,2025-07-16T00:00:00Z,2.3,2.687230769230769
JNJ,2025-10-14T00:00:00Z,2.14,2.7609999999999997
JNJ,2026-01-21T00:00:00Z,2.1,11.077099999999998
INTC,2021-04-22T00:00:00Z,0.83,1.1505000000000003
INTC,2021-07-22T00:00:00Z,1.25,1.0899
INTC,2021-10-21T00:00:00Z,1.68,1.1639333333333333
INTC,2022-01-26T00:00:00Z,1.14,4.5024
INTC,2022-04-28T00:00:00Z,1.99,1.058
INTC,2022-07-28T00:00:00Z,-0.11,0.8103448275862069
INTC,2022-10-27T00:00:00Z,0.25,0.8614642857142859
INTC,2023-01-26T00:00:00Z,-0.16,2.158239130434783
INTC,2023-04-27T00:00:00Z,-0.66,0.492
INTC,2023-07-27T00:00:00Z,0.35,0.5333214285714285
INTC,2023-10-26T00:00:00Z,0.07,0.5072142857142857
INTC,2024-01-25T00:00:00Z,0.63,2.0057826086956525
INTC,2024-04-25T00:00:00Z,-0.09,0.3210333333333333
INTC,2024-08-01T00:00:00Z,-0.38,0.1012413793103448
INTC,2024-10-31T00:00:00Z,-3.88,0.5171666666666667
INTC,2025-01-30T00:00:00Z,-0.03,1.7303478260869571
INTC,2025-04-24T00:00:00Z,-0.19,0.0889310344827586
INTC,2025-07-24T00:00:00Z,-0.67,0.006516129032258
INTC,2025-10-23T00:00:00Z,0.9,0.037625
INTC,2026-01-22T00:00:00Z,-0.12,0.8884390243902438
JPM,2021-04-14T00:00:00Z,4.51,
JPM,2021-07-13T00:00:00Z,3.79,
JPM,2021-10-13T00:00:00Z,3.74,
JPM,2022-01-14T00:00:00Z,3.33,
JPM,2022-04-13T00:00:00Z,2.64,
JPM,2022-07-14T00:00:00Z,2.77,
JPM,2022-10-14T00:00:00Z,3.13,
JPM,2023-01-13T00:00:00Z,3.58,
JPM,2023-04-14T00:00:00Z,4.11,
JPM,2023-07-14T00:00:00Z,4.76,
JPM,2023-10-13T00:00:00Z,4.33,
JPM,2024-01-12T00:00:00Z,3.04,
JPM,2024-04-12T00:00:00Z,4.45,
JPM,2024-07-12T00:00:00Z,6.13,
JPM,2024-10-11T00:00:00Z,4.38,
JPM,2025-01-15T00:00:00Z,4.82,
JPM,2025-04-11T00:00:00Z,5.08,
JPM,2025-07-15T00:00:00Z,5.25,
JPM,2025-10-14T00:00:00Z,5.08,
JPM,2026-01-13T00:00:00Z,4.64,
KO,2021-04-19T00:00:00Z,0.52,0.4854285714285714
KO,2021-07-21T00:00:00Z,0.61,0.5590666666666667
KO,2021-10-27T00:00:00Z,0.57,0.5786
KO,2022-02-10T00:00:00Z,0.56,2.098652173913044
KO,2022-04-25T00:00:00Z,0.64,0.5798000000000001
KO,2022-07-26T00:00:00Z,0.44,0.6731764705882353
KO,2022-10-25T00:00:00Z,0.65,0.6566875
KO,2023-02-14T00:00:00Z,0.47,2.416758620689655
KO,2023-04-24T00:00:00Z,0.72,0.6458125000000001
KO,2023-07-26T00:00:00Z,0.59,0.7287333333333336
KO,2023-10-24T00:00:00Z,0.71,0.7050833333333332
KO,2024-02-13T00:00:00Z,0.46,2.5766551724137927
KO,2024-04-30T00:00:00Z,0.74,0.6960714285714286
KO,2024-07-23T00:00:00Z,0.56,0.8030909090909092
KO,2024-10-23T00:00:00Z,0.66,0.7653076923076922
KO,2025-02-11T00:00:00Z,0.51,2.8094230769230766
KO,2025-04-29T00:00:00Z,0.77,0.7345
KO,2025-07-22T00:00:00Z,0.89,0.8503846153846154
KO,2025-10-21T00:00:00Z,0.86,0.7708461538461537
MCD,2021-04-29T00:00:00Z,2.06,1.8105172413793107
MCD,2021-07-28T00:00:00Z,2.97,2.044962962962963
MCD,2021-10-27T00:00:00Z,2.88,2.3864482758620693
MCD,2022-01-27T00:00:00Z,2.2,8.374236842105265
MCD,2022-04-28T00:00:00Z,1.49,2.195
MCD,2022-07-26T00:00:00Z,1.61,2.458
MCD,2022-10-27T00:00:00Z,2.7,2.5760384615384604
MCD,2023-01-31T00:00:00Z,2.6,9.826108108108103
MCD,2023-04-25T00:00:00Z,2.47,2.3301199999999995
MCD,2023-07-27T00:00:00Z,3.17,2.774769230769231
MCD,2023-10-30T00:00:00Z,3.19,3.001615384615385
MCD,2024-02-05T00:00:00Z,2.81,11.78429411764706
MCD,2024-04-30T00:00:00Z,2.67,2.7804545454545453
MCD,2024-07-29T00:00:00Z,2.81,3.07916
MCD,2024-10-29T00:00:00Z,3.15,3.4233181818181824
MCD,2025-02-10T00:00:00Z,2.82,12.53338235294118
MCD,2025-05-01T00:00:00Z,2.61,2.678636363636364
MCD,2025-08-06T00:00:00Z,3.15,3.129200000000001
MCD,2025-11-05T00:00:00Z,3.2,3.341153846153845
META,2021-04-28T00:00:00Z,3.34,2.3802564102564094
META,2021-07-28T00:00:00Z,3.67,2.5463783783783787
META,2021-10-25T00:00:00Z,3.27,2.732297297297297
META,2022-02-02T00:00:00Z,3.72,10.576660377358492
META,2022-04-27T00:00:00Z,2.74,2.5932368421052625
META,2022-07-27T00:00:00Z,2.47,2.8582972972972973
META,2022-10-26T00:00:00Z,1.64,1.9224
META,2023-02-01T00:00:00Z,1.76,9.505275862068968
META,2023-04-26T00:00:00Z,2.21,2.102435897435898
META,2023-07-26T00:00:00Z,3.03,2.4915675675675675
META,2023-10-25T00:00:00Z,4.5,2.4967567567567572
META,2024-02-01T00:00:00Z,5.46,8.818627118644066
META,2024-04-24T00:00:00Z,4.86,4.318853658536586
META,2024-07-31T00:00:00Z,5.31,4.756600000000001
META,2024-10-30T00:00:00Z,6.2,5.243658536585365
META,2025-01-29T00:00:00Z,8.24,22.353027397260284
META,2025-04-30T00:00:00Z,6.59,5.250268292682925
META,2025-07-30T00:00:00Z,7.28,5.640634146341464
META,2025-10-29T00:00:00Z,1.08,5.983780487804877
META,2026-01-28T00:00:00Z,9.02,25.079169014084503
MGM,2021-04-28T00:00:00Z,-0.69,
MGM,2021-08-04T00:00:00Z,0.14,
MGM,2021-11-03T00:00:00Z,2.81,
MGM,2022-02-09T00:00:00Z,0.23,
MGM,2022-05-02T00:00:00Z,-0.06,
MGM,2022-08-03T00:00:00Z,4.24,
MGM,2022-11-02T00:00:00Z,-1.45,
MGM,2023-02-08T00:00:00Z,0.69,
MGM,2023-05-01T00:00:00Z,1.25,
MGM,2023-08-02T00:00:00Z,0.56,
MGM,2023-11-08T00:00:00Z,0.46,
MGM,2024-02-13T00:00:00Z,0.93,
MGM,2024-05-01T00:00:00Z,0.68,
MGM,2024-07-31T00:00:00Z,0.6,
MGM,2024-10-30T00:00:00Z,0.61,
MGM,2025-02-12T00:00:00Z,0.52,
MGM,2025-04-30T00:00:00Z,0.52,
MGM,2025-07-30T00:00:00Z,0.18,
MGM,2025-10-29T00:00:00Z,-1.05,
MMM,2021-04-27T00:00:00Z,2.8,2.2980666666666663
MMM,2021-07-27T00:00:00Z,2.62,2.2701333333333333
MMM,2021-10-26T00:00:00Z,2.47,2.212375
MMM,2022-01-25T00:00:00Z,2.33,9.508055555555554
MMM,2022-04-26T00:00:00Z,2.27,2.3180588235294115
MMM,2022-07-26T00:00:00Z,0.14,2.549235294117647
MMM,2022-10-25T00:00:00Z,6.79,2.7325294117647054
MMM,2023-01-24T00:00:00Z,0.98,10.209136363636365
MMM,2023-04-25T00:00:00Z,1.2,1.5873333333333337
MMM,2023-07-25T00:00:00Z,-12.94,2.131333333333333
MMM,2023-10-24T00:00:00Z,-4.56,2.4973333333333327
MMM,2024-01-23T00:00:00Z,1.14,10.278238095238097
MMM,2024-04-30T00:00:00Z,1.27,2.00375
MMM,2024-07-26T00:00:00Z,2.17,1.971090909090909
MMM,2024-10-22T00:00:00Z,2.49,2.262
MMM,2025-01-21T00:00:00Z,1.34,9.668782608695654
MMM,2025-04-22T00:00:00Z,2.05,1.7694545454545456
MMM,2025-07-18T00:00:00Z,1.35,2.0236666666666667
MMM,2025-10-21T00:00:00Z,1.56,2.0860833333333333
MMM,2026-01-20T00:00:00Z,1.08,8.00647619047619
MRK,2021-04-29T00:00:00Z,1.08,1.6269230769230771
MRK,2021-07-29T00:00:00Z,0.48,1.3771428571428572
MRK,2021-10-28T00:00:00Z,1.81,1.57
MRK,2022-02-03T00:00:00Z,1.51,5.871138709677419
MRK,2022-04-28T00:00:00Z,1.7,1.8404666666666667
MRK,2022-07-28T00:00:00Z,1.56,1.7029999999999998
MRK,2022-10-27T00:00:00Z,1.28,1.688125
MRK,2023-02-02T00:00:00Z,1.18,7.169512903225805
MRK,2023-04-27T00:00:00Z,1.11,1.339705882352941
MRK,2023-08-01T00:00:00Z,-2.35,-1.9197777777777776
MRK,2023-10-26T00:00:00Z,1.87,1.23975
MRK,2024-02-01T00:00:00Z,-0.48,1.945
MRK,2024-04-25T00:00:00Z,1.88,1.8889333333333336
MRK,2024-07-30T00:00:00Z,2.15,2.1111875
MRK,2024-10-31T00:00:00Z,1.25,1.5484
MRK,2025-02-04T00:00:00Z,1.48,8.230999999999998
MRK,2025-04-24T00:00:00Z,2.01,2.14625
MRK,2025-07-29T00:00:00Z,1.76,2.0068181818181814
MRK,2025-10-30T00:00:00Z,2.32,2.385
MSFT,2021-04-27T00:00:00Z,2.05,1.4355263157894738
MSFT,2021-07-27T00:00:00Z,2.19,6.21217142857143
MSFT,2021-10-26T00:00:00Z,2.73,2.0660799999999995
MSFT,2022-01-25T00:00:00Z,2.5,2.3208214285714286
MSFT,2022-04-26T00:00:00Z,2.23,2.197333333333334
MSFT,2022-07-26T00:00:00Z,2.24,9.457749999999995
MSFT,2022-10-25T00:00:00Z,2.35,2.302586206896552
MSFT,2023-01-24T00:00:00Z,2.2,2.5604827586206893
MSFT,2023-04-25T00:00:00Z,2.46,2.3376875000000004
MSFT,2023-07-25T00:00:00Z,2.7,9.647150943396229
MSFT,2023-10-24T00:00:00Z,3.0,2.6462727272727276
MSFT,2024-01-30T00:00:00Z,2.94,2.650645161290323
MSFT,2024-04-25T00:00:00Z,2.95,2.7337878787878784
MSFT,2024-07-30T00:00:00Z,2.96,11.10894230769231
MSFT,2024-10-30T00:00:00Z,3.32,3.0960344827586197
MSFT,2025-01-29T00:00:00Z,3.24,3.1121935483870966
MSFT,2025-04-30T00:00:00Z,3.47,3.1734193548387095
MSFT,2025-07-30T00:00:00Z,3.66,13.405816666666665
MSFT,2025-10-29T00:00:00Z,3.73,3.6595714285714287
MSFT,2026-01-28T00:00:00Z,5.18,3.790428571428572
MS,2021-04-16T00:00:00Z,2.22,
MS,2021-07-15T00:00:00Z,1.88,
MS,2021-10-14T00:00:00Z,2.01,
MS,2022-01-19T00:00:00Z,2.05,
MS,2022-04-14T00:00:00Z,2.04,
MS,2022-07-14T00:00:00Z,1.4,
MS,2022-10-14T00:00:00Z,1.49,
MS,2023-01-17T00:00:00Z,1.28,
MS,2023-04-19T00:00:00Z,1.72,
MS,2023-07-18T00:00:00Z,1.25,
MS,2023-10-18T00:00:00Z,1.39,
MS,2024-01-16T00:00:00Z,0.86,
MS,2024-04-16T00:00:00Z,2.04,
MS,2024-07-16T00:00:00Z,1.85,
MS,2024-10-16T00:00:00Z,1.91,
MS,2025-01-16T00:00:00Z,2.25,
MS,2025-04-11T00:00:00Z,2.62,
MS,2025-07-16T00:00:00Z,2.15,
MS,2025-10-15T00:00:00Z,2.83,
MS,2026-01-15T00:00:00Z,2.72,
MU,2021-03-31T00:00:00Z,0.54,0.6656071428571428
MU,2021-06-30T00:00:00Z,1.55,1.3107407407407408
MU,2021-09-28T00:00:00Z,2.42,5.585743589743589
MU,2021-12-20T00:00:00Z,2.06,2.232818181818182
MU,2022-03-29T00:00:00Z,2.02,2.1951904761904766
MU,2022-06-30T00:00:00Z,2.36,2.4096
MU,2022-09-29T00:00:00Z,1.36,10.595
MU,2022-12-21T00:00:00Z,-0.18,0.7747083333333333
MU,2023-03-28T00:00:00Z,-2.12,0.67775
MU,2023-06-28T00:00:00Z,-1.73,0.8660416666666668
MU,2023-09-27T00:00:00Z,-1.31,5.440472222222221
MU,2023-12-20T00:00:00Z,-1.12,-0.97125
MU,2024-03-20T00:00:00Z,0.72,-0.6302800000000001
MU,2024-06-26T00:00:00Z,0.3,-0.17152
MU,2024-09-25T00:00:00Z,0.8,0.931837837837838
MU,2024-12-18T00:00:00Z,1.68,1.657166666666667
MU,2025-03-20T00:00:00Z,1.42,2.0156666666666663
MU,2025-06-25T00:00:00Z,1.69,2.4496
MU,2025-09-23T00:00:00Z,2.86,8.464351351351352
MU,2025-12-17T00:00:00Z,4.66,3.0277916666666673
NFLX,2021-04-20T00:00:00Z,3.85,0.2103111111111111
NFLX,2021-07-20T00:00:00Z,3.05,0.2549142857142857
NFLX,2021-10-19T00:00:00Z,3.27,0.25544
NFLX,2022-01-20T00:00:00Z,1.37,0.8943808510638297
NFLX,2022-04-19T00:00:00Z,3.6,0.2857
NFLX,2022-07-19T00:00:00Z,3.24,0.2954343749999999
NFLX,2022-10-18T00:00:00Z,3.14,0.2767677419354838
NFLX,2023-01-19T00:00:00Z,0.12,1.0401340425531915
NFLX,2023-04-18T00:00:00Z,2.93,0.2847468749999999
NFLX,2023-07-19T00:00:00Z,3.35,0.2861275862068966
NFLX,2023-10-18T00:00:00Z,3.8,0.3230749999999999
NFLX,2024-01-23T00:00:00Z,2.15,1.086476595744681
NFLX,2024-04-18T00:00:00Z,5.4,0.4511068965517241
NFLX,2024-07-18T00:00:00Z,4.99,0.4744866666666666
NFLX,2024-10-17T00:00:00Z,5.52,0.4576678571428573
NFLX,2025-01-21T00:00:00Z,4.37,1.94731
NFLX,2025-04-17T00:00:00Z,6.76,0.5730878787878788
NFLX,2025-07-17T00:00:00Z,7.35,0.7054454545454545
NFLX,2025-10-21T00:00:00Z,6.0,0.6691323529411765
NFLX,2026-01-20T00:00:00Z,0.57,2.5501017543859645
AA,2021-04-15T00:00:00Z,0.94,0.3688749999999999
AA,2021-07-15T00:00:00Z,1.66,1.267888888888889
AA,2021-10-14T00:00:00Z,1.8,1.3337777777777775
AA,2022-01-19T00:00:00Z,-2.11,5.764571428571428
AA,2022-04-20T00:00:00Z,2.54,2.9343999999999997
AA,2022-07-20T00:00:00Z,3.01,3.3772999999999995
AA,2022-10-19T00:00:00Z,-4.17,3.2811
AA,2023-01-18T00:00:00Z,-2.23,4.745076923076923
AA,2023-04-19T00:00:00Z,-1.3,0.1735
AA,2023-07-19T00:00:00Z,-0.57,-0.4241
AA,2023-10-18T00:00:00Z,-0.94,-0.927222222222222
AA,2024-01-17T00:00:00Z,-0.84,3.807384615384616
AA,2024-04-17T00:00:00Z,-1.41,-0.6038571428571428
AA,2024-07-17T00:00:00Z,0.11,-0.028
AA,2024-10-16T00:00:00Z,0.39,0.322375
AA,2025-01-22T00:00:00Z,0.77,1.2356874999999998
AA,2025-04-16T00:00:00Z,2.08,1.2836666666666667
AA,2025-07-16T00:00:00Z,0.63,1.0235555555555556
AA,2025-10-22T00:00:00Z,0.88,0.0397499999999999
AA,2026-01-22T00:00:00Z,0.86,3.704375
ABNB,2021-05-13T00:00:00Z,-1.95,-1.147391304347826
ABNB,2021-08-12T00:00:00Z,-0.11,-0.4044090909090909
ABNB,2021-11-04T00:00:00Z,1.34,0.7702307692307693
ABNB,2022-02-15T00:00:00Z,0.09,-0.6541388888888888
ABNB,2022-05-03T00:00:00Z,-0.03,-0.24364
ABNB,2022-08-02T00:00:00Z,0.59,0.29768
ABNB,2022-11-01T00:00:00Z,1.9,1.289
ABNB,2023-02-14T00:00:00Z,0.5,2.620081081081081
ABNB,2023-05-09T00:00:00Z,0.18,0.0242380952380952
ABNB,2023-08-03T00:00:00Z,1.02,0.8206399999999999
ABNB,2023-11-01T00:00:00Z,6.83,2.016692307692307
ABNB,2024-02-13T00:00:00Z,-0.55,2.895189189189189
ABNB,2024-05-08T00:00:00Z,0.41,0.2571785714285714
ABNB,2024-08-06T00:00:00Z,0.87,0.925346153846154
ABNB,2024-11-07T00:00:00Z,2.17,2.4173928571428576
ABNB,2025-02-13T00:00:00Z,0.74,4.141512820512822
ABNB,2025-05-01T00:00:00Z,0.25,0.2443478260869565
ABNB,2025-08-06T00:00:00Z,1.04,0.9654583333333332
ABNB,2025-11-06T00:00:00Z,2.25,2.3429999999999995
AAL,2021-04-22T00:00:00Z,-1.97,
AAL,2021-07-22T00:00:00Z,0.03,
AAL,2021-10-21T00:00:00Z,0.26,
AAL,2022-01-20T00:00:00Z,-1.44,
AAL,2022-04-21T00:00:00Z,-2.52,
AAL,2022-07-21T00:00:00Z,0.73,
AAL,2022-10-20T00:00:00Z,0.74,
AAL,2023-01-26T00:00:00Z,1.23,
AAL,2023-04-27T00:00:00Z,0.02,
AAL,2023-07-20T00:00:00Z,2.05,
AAL,2023-10-19T00:00:00Z,-0.83,
AAL,2024-01-25T00:00:00Z,0.03,
AAL,2024-04-25T00:00:00Z,-0.48,
AAL,2024-07-25T00:00:00Z,1.09,
AAL,2024-10-24T00:00:00Z,-0.23,
AAL,2025-01-23T00:00:00Z,0.9,
AAL,2025-04-24T00:00:00Z,-0.72,
AAL,2025-07-24T00:00:00Z,0.91,
AAL,2025-10-23T00:00:00Z,-0.17,
AAL,2026-01-27T00:00:00Z,0.15,
AMD,2021-04-27T00:00:00Z,0.46,0.3506521739130435
AMD,2021-07-27T00:00:00Z,0.58,0.3947083333333334
AMD,2021-10-26T00:00:00Z,0.76,0.5115
AMD,2022-02-01T00:00:00Z,0.81,1.75527027027027
AMD,2022-05-03T00:00:00Z,0.56,0.9124285714285716
AMD,2022-08-02T00:00:00Z,0.28,0.9613214285714288
AMD,2022-11-01T00:00:00Z,0.04,0.7231333333333335
AMD,2023-01-31T00:00:00Z,0.01,3.494800000000001
AMD,2023-05-02T00:00:00Z,-0.09,0.8169629629629631
AMD,2023-08-01T00:00:00Z,0.02,0.9172857142857144
AMD,2023-10-31T00:00:00Z,0.18,1.0320399999999998
AMD,2024-01-30T00:00:00Z,0.41,3.661244444444444
AMD,2024-04-30T00:00:00Z,0.08,0.6674137931034483
AMD,2024-07-30T00:00:00Z,0.16,0.8186666666666667
AMD,2024-10-29T00:00:00Z,0.48,1.060533333333333
AMD,2025-02-04T00:00:00Z,0.3,3.12058
AMD,2025-05-06T00:00:00Z,0.44,0.9329354838709676
AMD,2025-08-05T00:00:00Z,0.47,0.4917058823529412
AMD,2025-11-04T00:00:00Z,0.72,1.1433124999999995
AMZN,2021-04-29T00:00:00Z,16.09,0.4836184210526317
AMZN,2021-07-29T00:00:00Z,15.4,0.548688888888889
AMZN,2021-10-28T00:00:00Z,6.23,0.6320861111111111
AMZN,2022-02-03T00:00:00Z,28.21,2.2310269230769224
AMZN,2022-04-28T00:00:00Z,-7.56,0.4085473684210527
AMZN,2022-07-28T00:00:00Z,-0.2,0.1278026315789474
AMZN,2022-10-27T00:00:00Z,0.28,0.3261710526315789
AMZN,2023-02-02T00:00:00Z,0.03,0.0295636363636362
AMZN,2023-04-27T00:00:00Z,0.31,0.2229117647058824
AMZN,2023-08-03T00:00:00Z,0.66,0.3320285714285714
AMZN,2023-10-26T00:00:00Z,0.96,0.3749705882352941
AMZN,2024-02-01T00:00:00Z,1.03,1.8861964285714288
AMZN,2024-04-30T00:00:00Z,1.0,0.8397297297297296
AMZN,2024-08-01T00:00:00Z,1.29,0.96
AMZN,2024-10-31T00:00:00Z,1.46,1.1047058823529412
AMZN,2025-02-06T00:00:00Z,1.9,5.125107692307691
AMZN,2025-05-01T00:00:00Z,1.62,1.38
AMZN,2025-07-31T00:00:00Z,1.71,1.4092499999999997
AMZN,2025-10-30T00:00:00Z,1.98,1.546410256410257
AXP,2021-04-23T00:00:00Z,2.74,1.5739545454545452
AXP,2021-07-23T00:00:00Z,2.81,1.6300909090909093
AXP,2021-10-22T00:00:00Z,2.27,1.6542272727272729
AXP,2022-01-25T00:00:00Z,2.19,6.987843749999999
AXP,2022-04-22T00:00:00Z,2.73,2.4405238095238095
AXP,2022-07-22T00:00:00Z,2.57,2.404
AXP,2022-10-21T00:00:00Z,2.47,2.3705454545454545
AXP,2023-01-27T00:00:00Z,2.08,9.641586206896552
AXP,2023-04-20T00:00:00Z,2.41,2.6491
AXP,2023-07-21T00:00:00Z,2.89,2.7973999999999997
AXP,2023-10-20T00:00:00Z,3.3,2.962428571428571
AXP,2024-01-26T00:00:00Z,2.63,11.228741935483871
AXP,2024-04-19T00:00:00Z,3.34,2.9757826086956523
AXP,2024-07-19T00:00:00Z,4.16,3.2206363636363635
AXP,2024-10-18T00:00:00Z,3.5,3.4077619047619043
AXP,2025-01-24T00:00:00Z,3.04,13.534612903225806
AXP,2025-04-17T00:00:00Z,3.64,3.4537894736842114
AXP,2025-07-18T00:00:00Z,4.08,3.8924210526315792
AXP,2025-10-17T00:00:00Z,4.14,4.067684210526316
AXP,2026-01-30T00:00:00Z,3.53,15.466037037037038
BA,2021-04-28T00:00:00Z,-0.92,-0.907625
BA,2021-07-28T00:00:00Z,1.0,-0.681
BA,2021-10-27T00:00:00Z,-0.19,-0.0156470588235294
BA,2022-01-26T00:00:00Z,-7.02,1.4889583333333334
BA,2022-04-27T00:00:00Z,-2.06,-0.2026315789473684
BA,2022-07-27T00:00:00Z,0.32,-0.0987499999999999
BA,2022-10-26T00:00:00Z,-5.49,0.1726315789473684
BA,2023-01-25T00:00:00Z,-1.06,-5.909766666666666
BA,2023-04-26T00:00:00Z,-0.69,-0.925578947368421
BA,2023-07-26T00:00:00Z,-0.25,-0.2271666666666666
BA,2023-10-25T00:00:00Z,-2.7,-2.773055555555556
BA,2024-01-31T00:00:00Z,-0.04,-5.513214285714286
BA,2024-04-24T00:00:00Z,-0.56,-1.600947368421053
BA,2024-07-31T00:00:00Z,-2.33,-1.9055999999999995
BA,2024-10-23T00:00:00Z,-9.97,-7.793684210526315
BA,2025-01-28T00:00:00Z,-5.46,-15.310480000000002
BA,2025-04-23T00:00:00Z,-0.16,-1.384611111111111
BA,2025-07-29T00:00:00Z,-0.92,-0.7082222222222222
BA,2025-10-29T00:00:00Z,-7.14,-0.1908823529411764
BA,2026-01-27T00:00:00Z,10.59,0.67192
BABA,2021-05-13T00:00:00Z,-0.29,61.75433571428573
BABA,2021-08-03T00:00:00Z,2.57,13.850185000000002
BABA,2021-11-18T00:00:00Z,0.32,12.100908333333331
BABA,2022-02-24T00:00:00Z,1.66,15.858421052631575
BABA,2022-05-26T00:00:00Z,-0.94,70.31194821428574
BABA,2022-08-04T00:00:00Z,1.27,10.671931578947367
BABA,2022-11-17T00:00:00Z,-1.17,11.537868421052634
BABA,2023-02-23T00:00:00Z,2.61,16.504772222222222
BABA,2023-05-18T00:00:00Z,1.33,52.33364400000001
BABA,2023-08-10T00:00:00Z,1.85,14.347665
BABA,2023-11-16T00:00:00Z,1.48,15.402617647058824
BABA,2024-02-07T00:00:00Z,0.91,19.173566666666662
BABA,2024-05-14T00:00:00Z,0.1,56.61368085106383
BABA,2024-08-15T00:00:00Z,1.38,15.730947058823528
BABA,2024-11-15T00:00:00Z,2.71,14.756379999999998
BABA,2025-02-20T00:00:00Z,2.71,20.080966666666665
BABA,2025-05-15T00:00:00Z,0.78,58.55582553191489
BABA,2025-08-29T00:00:00Z,2.59,15.215933333333332
BABA,2025-11-25T00:00:00Z,1.29,12.870506666666667
BAC,2021-04-15T00:00:00Z,0.87,
BAC,2021-07-14T00:00:00Z,1.04,
BAC,2021-10-14T00:00:00Z,0.86,
BAC,2022-01-19T00:00:00Z,0.82,
BAC,2022-04-18T00:00:00Z,0.81,
BAC,2022-07-18T00:00:00Z,0.73,
BAC,2022-10-17T00:00:00Z,0.81,
BAC,2023-01-13T00:00:00Z,0.85,
BAC,2023-04-18T00:00:00Z,0.95,
BAC,2023-07-18T00:00:00Z,0.88,
BAC,2023-10-17T00:00:00Z,0.91,
BAC,2024-01-12T00:00:00Z,0.36,
BAC,2024-04-16T00:00:00Z,0.77,
BAC,2024-07-16T00:00:00Z,0.83,
BAC,2024-10-15T00:00:00Z,0.82,
BAC,2025-01-16T00:00:00Z,0.83,
BAC,2025-04-15T00:00:00Z,0.91,
BAC,2025-07-16T00:00:00Z,0.9,
BAC,2025-10-15T00:00:00Z,1.08,
BAC,2026-01-14T00:00:00Z,0.99,
BBY,2021-02-25T00:00:00Z,3.15,7.53715625
BBY,2021-05-27T00:00:00Z,2.35,1.3835000000000004
BBY,2021-08-24T00:00:00Z,2.93,1.5160555555555555
BBY,2021-11-23T00:00:00Z,2.02,1.9342857142857144
BBY,2022-03-03T00:00:00Z,2.65,7.55735294117647
BBY,2022-05-24T00:00:00Z,1.5,1.5126315789473683
BBY,2022-08-30T00:00:00Z,1.36,1.3000000000000005
BBY,2022-11-22T00:00:00Z,1.23,1.3135
BBY,2023-03-02T00:00:00Z,2.24,6.690774193548386
BBY,2023-05-25T00:00:00Z,1.11,1.469833333333333
BBY,2023-08-29T00:00:00Z,1.25,1.211238095238095
BBY,2023-11-21T00:00:00Z,1.21,1.2459523809523805
BBY,2024-02-29T00:00:00Z,2.13,6.900966666666665
BBY,2024-05-30T00:00:00Z,1.14,1.074
BBY,2024-08-29T00:00:00Z,1.35,1.202736842105263
BBY,2024-11-26T00:00:00Z,1.27,1.2751499999999996
BBY,2025-03-04T00:00:00Z,0.55,6.181551724137931
BBY,2025-05-29T00:00:00Z,0.95,1.1014761904761905
BBY,2025-08-28T00:00:00Z,0.88,1.318714285714286
BBY,2025-11-25T00:00:00Z,0.67,1.2625238095238096
BIDU,2021-05-18T00:00:00Z,11.61,10.294931578947365
BIDU,2021-08-12T00:00:00Z,-0.1,12.723624999999998
BIDU,2021-11-17T00:00:00Z,-7.38,13.071178947368422
BIDU,2022-03-01T00:00:00Z,0.71,56.38785000000001
BIDU,2022-05-26T00:00:00Z,-0.45,4.770055555555556
BIDU,2022-08-30T00:00:00Z,1.53,10.113221052631578
BIDU,2022-11-22T00:00:00Z,-0.12,14.923894736842106
BIDU,2023-02-22T00:00:00Z,1.95,52.208490000000005
BIDU,2023-05-16T00:00:00Z,2.35,12.1037
BIDU,2023-08-22T00:00:00Z,1.86,16.584231578947367
BIDU,2023-11-21T00:00:00Z,2.53,17.112623529411763
BIDU,2024-02-28T00:00:00Z,1.12,61.24444615384616
BIDU,2024-05-16T00:00:00Z,2.07,15.75464
BIDU,2024-08-22T00:00:00Z,2.08,18.31269444444445
BIDU,2024-11-21T00:00:00Z,3.13,16.866699999999998
BIDU,2025-02-18T00:00:00Z,1.79,69.37673714285712
BIDU,2025-05-21T00:00:00Z,3.01,14.560819999999998
BIDU,2025-08-20T00:00:00Z,2.96,13.030233333333337
BIDU,2025-11-18T00:00:00Z,-4.75,7.298694444444444
BYND,2021-05-06T00:00:00Z,-0.43,-0.19075
BYND,2021-08-05T00:00:00Z,-0.31,-0.2444666666666667
BYND,2021-11-10T00:00:00Z,-0.87,-0.3819333333333333
BYND,2022-02-24T00:00:00Z,-1.27,0.2363333333333333
BYND,2022-05-11T00:00:00Z,-1.58,-0.2193846153846153
BYND,2022-08-04T00:00:00Z,-1.53,-0.0603076923076923
BYND,2022-11-09T00:00:00Z,-1.6,-1.110625
BYND,2023-02-23T00:00:00Z,-1.05,-1.4570416666666668
BYND,2023-05-10T00:00:00Z,-0.92,-0.8999999999999998
BYND,2023-08-07T00:00:00Z,-0.83,-0.867
BYND,2023-11-08T00:00:00Z,-1.09,-0.7468
BYND,2024-02-27T00:00:00Z,-2.4,-3.3153636363636365
BYND,2024-05-08T00:00:00Z,-0.84,-0.6687000000000001
BYND,2024-08-07T00:00:00Z,-0.53,-0.5108333333333333
BYND,2024-11-06T00:00:00Z,-0.41,-0.483
BYND,2025-02-26T00:00:00Z,-0.65,-3.0215882352941175
BYND,2025-05-07T00:00:00Z,-0.69,-0.516
BYND,2025-08-06T00:00:00Z,-0.38,-0.3655
BYND,2025-11-10T00:00:00Z,-1.44,-0.3336666666666666
C,2021-04-15T00:00:00Z,3.64,
C,2021-07-14T00:00:00Z,2.86,
C,2021-10-14T00:00:00Z,2.17,
C,2022-01-14T00:00:00Z,1.47,
C,2022-04-14T00:00:00Z,2.03,
C,2022-07-15T00:00:00Z,2.32,
C,2022-10-14T00:00:00Z,1.64,
C,2023-01-13T00:00:00Z,1.16,
C,2023-04-14T00:00:00Z,2.21,
C,2023-07-14T00:00:00Z,1.34,
C,2023-10-13T00:00:00Z,1.64,
C,2024-01-12T00:00:00Z,-1.16,
C,2024-04-12T00:00:00Z,1.6,
C,2024-07-12T00:00:00Z,1.54,
C,2024-10-15T00:00:00Z,1.53,
C,2025-01-15T00:00:00Z,1.36,
C,2025-04-15T00:00:00Z,2.0,
C,2025-07-15T00:00:00Z,1.98,
C,2025-10-14T00:00:00Z,1.89,
C,2026-01-14T00:00:00Z,1.21,
CAT,2021-04-29T00:00:00Z,2.8,1.9500666666666664
CAT,2021-07-30T00:00:00Z,2.58,2.0206666666666666
CAT,2021-10-28T00:00:00Z,2.62,2.2320588235294117
CAT,2022-01-28T00:00:00Z,3.94,7.5115
CAT,2022-04-28T00:00:00Z,2.88,2.596666666666666
CAT,2022-08-02T00:00:00Z,3.15,3.014588235294117
CAT,2022-10-27T00:00:00Z,3.89,3.189315789473684
CAT,2023-01-31T00:00:00Z,2.81,13.541967741935489
CAT,2023-04-27T00:00:00Z,3.76,3.764055555555556
CAT,2023-08-01T00:00:00Z,5.7,3.852899999999999
CAT,2023-10-31T00:00:00Z,5.48,4.826631578947367
CAT,2024-02-05T00:00:00Z,5.31,14.8899
CAT,2024-04-25T00:00:00Z,5.78,5.119470588235295
CAT,2024-08-06T00:00:00Z,5.5,5.510529411764705
CAT,2024-10-30T00:00:00Z,5.09,5.435117647058823
CAT,2025-01-30T00:00:00Z,5.81,20.084344827586204
CAT,2025-04-30T00:00:00Z,4.22,4.340533333333332
CAT,2025-08-05T00:00:00Z,4.64,4.903133333333334
CAT,2025-10-29T00:00:00Z,4.91,4.538235294117648
CAT,2026-01-29T00:00:00Z,5.15,18.705931034482763
CSCO,2021-02-09T00:00:00Z,0.6,0.7511
CSCO,2021-05-19T00:00:00Z,0.68,0.7896470588235295
CSCO,2021-08-18T00:00:00Z,0.71,3.211535714285714
CSCO,2021-11-17T00:00:00Z,0.71,0.8433333333333333
CSCO,2022-02-16T00:00:00Z,0.71,0.8291000000000001
CSCO,2022-05-18T00:00:00Z,0.73,0.8752380952380954
CSCO,2022-08-17T00:00:00Z,0.68,3.3485862068965515
CSCO,2022-11-16T00:00:00Z,0.65,0.8962941176470587
CSCO,2023-02-15T00:00:00Z,0.68,0.8951764705882352
CSCO,2023-05-17T00:00:00Z,0.79,0.9404285714285712
CSCO,2023-08-16T00:00:00Z,0.97,3.544586206896553
CSCO,2023-11-15T00:00:00Z,0.9,0.9975
CSCO,2024-02-14T00:00:00Z,0.65,0.8375555555555555
CSCO,2024-05-15T00:00:00Z,0.47,0.8267999999999999
CSCO,2024-08-14T00:00:00Z,0.54,3.672933333333333
CSCO,2024-11-13T00:00:00Z,0.68,0.8999999999999999
CSCO,2025-02-12T00:00:00Z,0.61,0.9257894736842104
CSCO,2025-05-14T00:00:00Z,0.63,0.9223529411764706
CSCO,2025-08-13T00:00:00Z,0.64,3.5994193548387097
CSCO,2025-11-12T00:00:00Z,0.72,0.9822142857142858
CVX,2021-04-30T00:00:00Z,0.72,0.8995294117647061
CVX,2021-07-30T00:00:00Z,1.61,1.2748823529411766
CVX,2021-10-29T00:00:00Z,3.19,1.3869999999999996
CVX,2022-01-28T00:00:00Z,2.63,7.926242424242425
CVX,2022-04-29T00:00:00Z,3.23,3.2893125000000003
CVX,2022-07-29T00:00:00Z,5.98,5.118833333333334
CVX,2022-10-28T00:00:00Z,5.81,5.091833333333333
CVX,2023-01-27T00:00:00Z,3.34,9.54239393939394
CVX,2023-04-28T00:00:00Z,3.48,3.4431111111111115
CVX,2023-07-28T00:00:00Z,3.22,3.473166666666666
CVX,2023-10-27T00:00:00Z,3.48,3.6331764705882352
CVX,2024-02-02T00:00:00Z,1.23,13.375035714285714
CVX,2024-04-26T00:00:00Z,2.99,3.804071428571429
CVX,2024-08-02T00:00:00Z,2.43,2.9726
CVX,2024-11-01T00:00:00Z,2.49,2.4214
CVX,2025-01-31T00:00:00Z,1.85,13.514071428571423
CVX,2025-05-02T00:00:00Z,2.01,2.478133333333333
CVX,2025-08-01T00:00:00Z,1.45,2.726666666666667
CVX,2025-10-31T00:00:00Z,1.83,2.8857333333333335
CVX,2026-01-30T00:00:00Z,1.39,11.392199999999995
EBAY,2021-04-28T00:00:00Z,0.84,
EBAY,2021-08-11T00:00:00Z,0.44,
EBAY,2021-10-27T00:00:00Z,0.44,
EBAY,2022-02-23T00:00:00Z,-1.47,
EBAY,2022-05-04T00:00:00Z,-2.28,
EBAY,2022-08-03T00:00:00Z,-0.96,
EBAY,2022-11-02T00:00:00Z,-0.13,
EBAY,2023-02-22T00:00:00Z,1.24,
EBAY,2023-04-26T00:00:00Z,1.06,
EBAY,2023-07-26T00:00:00Z,0.32,
EBAY,2023-11-07T00:00:00Z,2.47,
EBAY,2024-02-27T00:00:00Z,1.41,
EBAY,2024-05-01T00:00:00Z,0.85,
EBAY,2024-07-31T00:00:00Z,0.45,
EBAY,2024-10-30T00:00:00Z,1.31,
EBAY,2025-02-26T00:00:00Z,1.43,
EBAY,2025-04-30T00:00:00Z,1.08,
EBAY,2025-07-30T00:00:00Z,0.8,
EBAY,2025-10-29T00:00:00Z,1.31,
F,2021-04-28T00:00:00Z,0.82,0.209
F,2021-07-28T00:00:00Z,0.14,-0.0400666666666666
F,2021-10-27T00:00:00Z,0.46,0.2674375
F,2022-02-03T00:00:00Z,3.07,1.7993333333333337
F,2022-04-27T00:00:00Z,-0.78,0.3713125
F,2022-07-27T00:00:00Z,0.17,0.4554999999999999
F,2022-10-26T00:00:00Z,-0.21,0.5396666666666667
F,2023-02-02T00:00:00Z,0.32,1.996666666666667
F,2023-05-02T00:00:00Z,0.44,0.4113333333333333
F,2023-07-27T00:00:00Z,0.48,0.5485333333333333
F,2023-10-26T00:00:00Z,0.3,0.442
F,2024-02-06T00:00:00Z,-0.13,1.823347826086957
F,2024-04-24T00:00:00Z,0.33,0.4267333333333333
F,2024-07-24T00:00:00Z,0.46,0.5766153846153846
F,2024-10-28T00:00:00Z,0.22,0.4605555555555555
F,2025-02-05T00:00:00Z,0.46,1.7798928571428572
F,2025-05-05T00:00:00Z,0.12,0.0115
F,2025-07-30T00:00:00Z,-0.01,0.322
F,2025-10-23T00:00:00Z,0.61,0.3459374999999999
DIS,2021-05-13T00:00:00Z,0.5,0.2200909090909091
DIS,2021-08-12T00:00:00Z,0.51,0.7732272727272729
DIS,2021-11-10T00:00:00Z,0.09,3.106645161290322
DIS,2022-02-09T00:00:00Z,0.63,0.64465
DIS,2022-05-11T00:00:00Z,0.26,1.2126499999999998
DIS,2022-08-10T00:00:00Z,0.77,1.2113000000000005
DIS,2022-11-08T00:00:00Z,0.09,4.897741935483871
DIS,2023-02-08T00:00:00Z,0.7,0.7758095238095238
DIS,2023-05-10T00:00:00Z,0.7,1.1744500000000002
DIS,2023-08-09T00:00:00Z,-0.25,0.9503809523809524
DIS,2023-11-08T00:00:00Z,0.14,3.4995624999999997
DIS,2024-02-07T00:00:00Z,1.04,1.00355
DIS,2024-05-07T00:00:00Z,-0.01,1.124105263157895
DIS,2024-08-07T00:00:00Z,1.44,1.262777777777778
DIS,2024-11-14T00:00:00Z,0.25,4.718249999999999
DIS,2025-02-05T00:00:00Z,1.41,1.4481304347826087
DIS,2025-05-07T00:00:00Z,1.81,1.2067142857142854
DIS,2025-08-06T00:00:00Z,2.92,1.4444761904761902
DIS,2025-11-13T00:00:00Z,0.73,5.146676470588234
DAL,2021-04-15T00:00:00Z,-1.85,-3.1504375
DAL,2021-07-14T00:00:00Z,1.02,-1.2883124999999997
DAL,2021-10-13T00:00:00Z,1.9,0.17214285714285715
DAL,2022-01-13T00:00:00Z,-0.64,-4.067086956521741
DAL,2022-04-13T00:00:00Z,-1.48,-1.2975333333333332
DAL,2022-07-13T00:00:00Z,1.15,0.4343333333333334
DAL,2022-10-13T00:00:00Z,1.09,1.0986666666666667
DAL,2023-01-13T00:00:00Z,1.3,2.567863636363636
DAL,2023-04-13T00:00:00Z,-0.57,0.2988571428571429
DAL,2023-07-13T00:00:00Z,2.86,1.6255
DAL,2023-10-12T00:00:00Z,1.73,1.9447142857142856
DAL,2024-01-12T00:00:00Z,3.19,6.016263157894736
DAL,2024-04-10T00:00:00Z,0.06,0.35928571428571426
DAL,2024-07-11T00:00:00Z,2.04,2.215307692307692
DAL,2024-10-10T00:00:00Z,1.98,1.5272307692307692
DAL,2025-01-10T00:00:00Z,1.31,6.304315789473684
DAL,2025-04-09T00:00:00Z,0.37,0.45553333333333335
DAL,2025-07-10T00:00:00Z,3.28,2.330133333333334
DAL,2025-10-09T00:00:00Z,2.18,1.5940666666666667
DAL,2026-01-13T00:00:00Z,1.88,5.9745384615384625
